task,policy,queries,mean_quality,mean_cost,mean_utility,delta_utility_vs_fixed,delta_vs_fixed_ci_low,delta_vs_fixed_ci_high,delta_vs_fixed_p,components,action_counts,monte_carlo_mean_utility,monte_carlo_sd_utility
trec_dl,fixed,97,0.7030033223039022,0.0874385701648912,0.6960082366907109,0.0,0.0,0.0,1.0,97,"{""cross_encoder"": 97}",,
trec_dl,qpp,97,0.7030033223039022,0.0874385701648912,0.6960082366907109,0.0,0.0,0.0,1.0,97,"{""cross_encoder"": 97}",,
trec_dl,native_adaptive,97,0.7030033223039022,0.0874385701648912,0.6960082366907109,0.0,0.0,0.0,1.0,97,"{""cross_encoder"": 97}",,
trec_dl,arr_seed_1,97,0.5925350989341293,0.1970342217014845,0.5767723611980106,-0.11923587549270033,-0.15621048028238177,-0.08223935752916195,9.99950002499875e-05,97,"{""cross_encoder"": 11, ""dense_fusion"": 36, ""late_interaction"": 18, ""stop_bm25"": 32}",,
trec_dl,arr_seed_2,97,0.5990253462206698,0.13677883588967135,0.5880830393494961,-0.1079251973412147,-0.1454727238812752,-0.07200052197152196,9.99950002499875e-05,97,"{""dense_fusion"": 64, ""late_interaction"": 13, ""stop_bm25"": 20}",,
trec_dl,arr_seed_3,97,0.626982299336534,0.29848723527351173,0.603103320514653,-0.09290491617605784,-0.12853450181051543,-0.059736760613775676,9.99950002499875e-05,97,"{""cross_encoder"": 21, ""dense_fusion"": 28, ""late_interaction"": 27, ""stop_bm25"": 21}",,
trec_dl,arr_seed_4,97,0.6285641005803907,0.3988326359576359,0.5966574897037799,-0.09935074698693099,-0.13628397218618146,-0.06595829646801699,9.99950002499875e-05,97,"{""cross_encoder"": 18, ""dense_fusion"": 27, ""late_interaction"": 37, ""stop_bm25"": 15}",,
trec_dl,arr_seed_5,97,0.6410635728508145,0.4227028283260132,0.6072473465847334,-0.08876089010597739,-0.12170466573431821,-0.05872722071868991,9.99950002499875e-05,97,"{""cross_encoder"": 34, ""dense_fusion"": 7, ""late_interaction"": 38, ""stop_bm25"": 18}",,
trec_dl,uniform_random_analytic,97,0.6131756187556318,0.2729047483275436,0.5913432388894283,-0.10466499780128258,,,,97,"{""cross_encoder"": ""p=0.25000000"", ""dense_fusion"": ""p=0.25000000"", ""late_interaction"": ""p=0.25000000"", ""stop_bm25"": ""p=0.25000000""}",0.5899526545128866,0.01677512167176821
fever,fixed,13332,0.815562221646419,0.32483250918452844,0.7895756209116568,0.0,0.0,0.0,1.0,1042,"{""ce100"": 13332}",,
fever,qpp,13332,0.8157609925553614,0.2574784785759437,0.7951627142692856,0.005587093357628911,0.004426753686331981,0.006777012758933508,9.99950002499875e-05,1042,"{""bm25"": 2671, ""ce100"": 10661}",,
fever,native_adaptive,13332,0.8136716089231717,0.16193269839172714,0.8007169930518335,0.011141372140176757,0.00923809492812339,0.012906616391838962,9.99950002499875e-05,1042,"{""bm25"": 1410, ""ce100"": 5055, ""ce20"": 6651, ""hybrid"": 216}",,
fever,arr_seed_1,13332,0.754650832138806,0.29051060456473554,0.731409983773627,-0.05816563713802974,-0.06512578590022902,-0.051433591114310555,9.99950002499875e-05,1042,"{""bi200"": 3528, ""bm25"": 1633, ""ce100"": 2560, ""ce20"": 3964, ""hybrid"": 1647}",,
fever,arr_seed_2,13332,0.7473553875228117,0.25118861041640994,0.7272602986894988,-0.06231532222215795,-0.0694082611335445,-0.055208434285660905,9.99950002499875e-05,1042,"{""bi200"": 2914, ""bm25"": 4100, ""ce100"": 3649, ""ce20"": 1632, ""hybrid"": 1037}",,
fever,arr_seed_3,13332,0.7539920918653886,0.2936293621257873,0.7305017428953257,-0.059073878016331134,-0.06611749269560435,-0.052076063589876466,9.99950002499875e-05,1042,"{""bi200"": 2401, ""bm25"": 2673, ""ce100"": 1372, ""ce20"": 3281, ""hybrid"": 3605}",,
fever,arr_seed_4,13332,0.7618187825431709,0.2747367688499919,0.7398398410351716,-0.0497357798764852,-0.05651507945160398,-0.043188504717827196,9.99950002499875e-05,1042,"{""bi200"": 2489, ""bm25"": 2064, ""ce100"": 1012, ""ce20"": 4715, ""hybrid"": 3052}",,
fever,arr_seed_5,13332,0.738766151953637,0.26432753533716963,0.7176199491266635,-0.07195567178499336,-0.07957547696205275,-0.06443641427741771,9.99950002499875e-05,1042,"{""bi200"": 3079, ""bm25"": 3768, ""ce100"": 879, ""ce20"": 3061, ""hybrid"": 2545}",,
fever,uniform_random_analytic,13332,0.7303676858472394,0.29341102703047794,0.7068948036848011,-0.08268081722685572,,,,1042,"{""bi200"": ""p=0.20000000"", ""bm25"": ""p=0.20000000"", ""ce100"": ""p=0.20000000"", ""ce20"": ""p=0.20000000"", ""hybrid"": ""p=0.20000000""}",0.7068740383232118,0.002064534520416999
structured_v2,fixed,2000,0.9145097649209699,0.2,0.8985097649209699,0.0,0.0,0.0,1.0,1636,"{""one_hop"": 1200, ""two_hop"": 800}",,
structured_v2,qpp,2000,0.914397723206702,0.21205999999999997,0.8974329232067021,-0.00107684171426785,-0.0036568785414007746,0.0014598800866924724,0.3992800359982001,1636,"{""one_hop"": 782, ""summary"": 68, ""two_hop"": 1150}",,
structured_v2,native_adaptive,2000,0.9370771380483757,0.15001,0.9250763380483755,0.026566573127405655,0.021735165687656714,0.03158576765846719,9.99950002499875e-05,1636,"{""ce"": 39, ""full_context"": 1, ""one_hop"": 683, ""summary"": 688, ""two_hop"": 589}",,
structured_v2,arr_seed_1,2000,0.8841348456728779,0.28269,0.8615196456728779,-0.036990119248091986,-0.04545897398932414,-0.028568728528679393,9.99950002499875e-05,1636,"{""ce"": 198, ""full_context"": 392, ""one_hop"": 523, ""summary"": 587, ""two_hop"": 300}",,
structured_v2,arr_seed_2,2000,0.8955906640689867,0.29280500000000004,0.8721662640689867,-0.02634350085198313,-0.03428828206324594,-0.01857342007518105,9.99950002499875e-05,1636,"{""ce"": 318, ""full_context"": 183, ""one_hop"": 514, ""summary"": 598, ""two_hop"": 387}",,
structured_v2,arr_seed_3,2000,0.9016687946409414,0.270395,0.8800371946409414,-0.018472570280028522,-0.0261583127424653,-0.010741072745513133,9.99950002499875e-05,1636,"{""ce"": 265, ""full_context"": 168, ""one_hop"": 475, ""summary"": 628, ""two_hop"": 464}",,
structured_v2,arr_seed_4,2000,0.8923514192348355,0.250045,0.8723478192348356,-0.026161945686134287,-0.034050154024781544,-0.018262000272981038,9.99950002499875e-05,1636,"{""ce"": 178, ""full_context"": 235, ""one_hop"": 541, ""summary"": 603, ""two_hop"": 443}",,
structured_v2,arr_seed_5,2000,0.8787033632732737,0.32865,0.8524113632732737,-0.04609840164769619,-0.05477106094777822,-0.037393688805831694,9.99950002499875e-05,1636,"{""ce"": 310, ""full_context"": 350, ""one_hop"": 429, ""summary"": 520, ""two_hop"": 391}",,
structured_v2,uniform_random_analytic,2000,0.8326581614671611,0.38400000000000006,0.8019381614671611,-0.09657160345380877,,,,1636,"{""ce"": ""p=0.20000000"", ""full_context"": ""p=0.20000000"", ""one_hop"": ""p=0.20000000"", ""summary"": ""p=0.20000000"", ""two_hop"": ""p=0.20000000""}",0.801978688450313,0.0036952910082984013
musique,fixed,2417,0.527635902279076,0.2774962345763053,0.5054362035129716,0.0,0.0,0.0,1.0,179,"{""V2"": 2417}",,
musique,qpp,2417,0.524946854379979,0.2587596903039537,0.5042460791556628,-0.0011901243573088833,-0.0029689924024553613,0.004665576510088879,0.7427628618569072,179,"{""V0"": 180, ""V2"": 2237}",,
musique,native_adaptive,2417,0.5325823507307741,0.16470170666472253,0.5194062141975964,0.013970010684624702,0.007415743804599142,0.032662011549174884,0.0036998150092495377,179,"{""V0"": 534, ""V1"": 630, ""V2"": 1202, ""V3"": 51}",,
musique,arr_seed_1,2417,0.5299487616144694,0.2267163472262767,0.5118114538363673,0.0063752503233956625,-0.00254629259813413,0.03792894148709819,0.2296885155742213,179,"{""V0"": 633, ""V1"": 589, ""V2"": 910, ""V3"": 285}",,
musique,arr_seed_2,2417,0.520315506282975,0.33365245205879324,0.4936233101182715,-0.011812893394700152,-0.02098917931649324,0.021470094764632453,0.5572721363931803,179,"{""V0"": 838, ""V1"": 268, ""V2"": 711, ""V3"": 600}",,
musique,arr_seed_3,2417,0.524653479200121,0.25166083136292816,0.5045206126910866,-0.0009155908218849687,-0.008723801715036523,0.02208852333299075,0.9257537123143843,179,"{""V0"": 429, ""V1"": 712, ""V2"": 948, ""V3"": 328}",,
musique,arr_seed_4,2417,0.518143011435029,0.41703468191188525,0.4847802368820783,-0.02065596663089325,-0.029156422329935188,0.010717340345778672,0.26288685565721714,179,"{""V0"": 691, ""V1"": 354, ""V2"": 524, ""V3"": 848}",,
musique,arr_seed_5,2417,0.5152651075465837,0.24701240152847326,0.49550411542430584,-0.00993208808866577,-0.018763287133733077,0.021346111508218777,0.5473726313684316,179,"{""V0"": 528, ""V1"": 823, ""V2"": 685, ""V3"": 381}",,
musique,uniform_random_analytic,2417,0.49981696990615615,0.3258004159371344,0.47375293663118534,-0.03168326688178624,,,,179,"{""V0"": ""p=0.25000000"", ""V1"": ""p=0.25000000"", ""V2"": ""p=0.25000000"", ""V3"": ""p=0.25000000""}",0.4734578907344064,0.0032004655403049995
