task,policy,target_policy_mean_cost,matched_expected_mean_cost,cost_match_error,route_probabilities
trec_dl,qpp,0.0874385701648912,0.0874385701648912,0.0,"{""cross_encoder"": 0.2837501116241251, ""dense_fusion"": 0.32634327855383116, ""late_interaction"": 0.061263613125375434, ""stop_bm25"": 0.32864299669666835}"
trec_dl,native_adaptive,0.0874385701648912,0.0874385701648912,0.0,"{""cross_encoder"": 0.2837501116241251, ""dense_fusion"": 0.32634327855383116, ""late_interaction"": 0.061263613125375434, ""stop_bm25"": 0.32864299669666835}"
trec_dl,arr_seed_1,0.1970342217014845,0.1970342217014845,0.0,"{""cross_encoder"": 0.2683102140223125, ""dense_fusion"": 0.2793587355202026, ""late_interaction"": 0.1724057225029319, ""stop_bm25"": 0.27992532795455294}"
trec_dl,arr_seed_2,0.13677883588967135,0.13677883588967132,-2.7755575615628914e-17,"{""cross_encoder"": 0.27951160817508053, ""dense_fusion"": 0.30406626133413345, ""late_interaction"": 0.11106761488977207, ""stop_bm25"": 0.3053545156010139}"
trec_dl,arr_seed_3,0.29848723527351173,0.2984872352735117,-5.551115123125783e-17,"{""cross_encoder"": 0.24318041043045674, ""dense_fusion"": 0.24037039222390846, ""late_interaction"": 0.27621903794226754, ""stop_bm25"": 0.24023015940336717}"
trec_dl,arr_seed_4,0.3988326359576359,0.39883263595763585,-5.551115123125783e-17,"{""cross_encoder"": 0.21434557666500142, ""dense_fusion"": 0.20347280288009112, ""late_interaction"": 0.37923996279828354, ""stop_bm25"": 0.20294165765662392}"
trec_dl,arr_seed_5,0.4227028283260132,0.42270282832601314,-5.551115123125783e-17,"{""cross_encoder"": 0.20709775023196075, ""dense_fusion"": 0.1948587166023302, ""late_interaction"": 0.4037799052724202, ""stop_bm25"": 0.19426362789328883}"
fever,qpp,0.2574784785759437,0.2574784785759437,0.0,"{""bi200"": 0.17011708836563955, ""bm25"": 0.24199932175463784, ""ce100"": 0.19327815499444576, ""ce20"": 0.2310266447670954, ""hybrid"": 0.16357879011818152}"
fever,native_adaptive,0.16193269839172714,0.1619326983917271,-2.7755575615628914e-17,"{""bi200"": 0.09232342884020887, ""bm25"": 0.3687709721490257, ""ce100"": 0.15245182891045883, ""ce20"": 0.30730734291837103, ""hybrid"": 0.07914642718193558}"
fever,arr_seed_1,0.29051060456473554,0.2905106045647355,-5.551115123125783e-17,"{""bi200"": 0.1975842970259663, ""bm25"": 0.20329210932251984, ""ce100"": 0.19963270243096623, ""ce20"": 0.202531317818448, ""hybrid"": 0.19695957340209957}"
fever,arr_seed_2,0.25118861041640994,0.25118861041640994,0.0,"{""bi200"": 0.16490381063750828, ""bm25"": 0.24963131891868098, ""ce100"": 0.19162170237283843, ""ce20"": 0.23636980482319533, ""hybrid"": 0.15747336324777703}"
fever,arr_seed_3,0.2936293621257873,0.2936293621257873,0.0,"{""bi200"": 0.2001818535860278, ""bm25"": 0.1997528614193951, ""ce100"": 0.2000263824310457, ""ce20"": 0.1998092882003371, ""hybrid"": 0.20022961436319442}"
fever,arr_seed_4,0.2747367688499919,0.2747367688499918,-5.551115123125783e-17,"{""bi200"": 0.18445385060356143, ""bm25"": 0.22149392044882416, ""ce100"": 0.19709257049937096, ""ce20"": 0.2162213495415377, ""hybrid"": 0.18073830890670567}"
fever,arr_seed_5,0.26432753533716963,0.2643275353371696,-5.551115123125783e-17,"{""bi200"": 0.17580169019242337, ""bm25"": 0.23378620659351046, ""ce100"": 0.1949203794227703, ""ce20"": 0.2251751313438075, ""hybrid"": 0.17031659244748823}"
structured_v2,qpp,0.21205999999999997,0.21205999999999994,-2.7755575615628914e-17,"{""ce"": 0.05300649442370846, ""full_context"": 0.11839180950951692, ""one_hop"": 0.25917279913455216, ""summary"": 0.35742625383331583, ""two_hop"": 0.21200264309890662}"
structured_v2,native_adaptive,0.15001,0.15001,0.0,"{""ce"": 0.019125705040521013, ""full_context"": 0.072466167744388, ""one_hop"": 0.26557683454321357, ""summary"": 0.4524778525750357, ""two_hop"": 0.19035344009684177}"
structured_v2,arr_seed_1,0.28269,0.2826899999999999,-1.1102230246251565e-16,"{""ce"": 0.10605535762378994, ""full_context"": 0.1597920139446917, ""one_hop"": 0.23830160459274655, ""summary"": 0.28076046286577055, ""two_hop"": 0.21509056097300122}"
structured_v2,arr_seed_2,0.29280500000000004,0.29280500000000004,0.0,"{""ce"": 0.11460456606837433, ""full_context"": 0.16477416527591102, ""one_hop"": 0.23476542644875373, ""summary"": 0.2714619841242942, ""two_hop"": 0.21439385808266676}"
structured_v2,arr_seed_3,0.270395,0.270395,0.0,"{""ce"": 0.09595308738024638, ""full_context"": 0.1534265919951321, ""one_hop"": 0.24246345055124432, ""summary"": 0.2925384496762807, ""two_hop"": 0.21561842039709656}"
structured_v2,arr_seed_4,0.250045,0.250045,0.0,"{""ce"": 0.07998109738228594, ""full_context"": 0.1421254733857864, ""one_hop"": 0.2489512869702821, ""summary"": 0.3133200606870229, ""two_hop"": 0.2156220815746226}"
structured_v2,arr_seed_5,0.32865,0.32865,0.0,"{""ce"": 0.1464889780593305, ""full_context"": 0.1806446534608743, ""one_hop"": 0.22160000773345603, ""summary"": 0.24097824458171574, ""two_hop"": 0.21028811616462334}"
musique,qpp,0.2587596903039537,0.2587596903039537,0.0,"{""V0"": 0.2850090288236751, ""V1"": 0.2817305971113751, ""V2"": 0.25154566435250986, ""V3"": 0.18171470971243991}"
musique,native_adaptive,0.16470170666472253,0.16470170666472256,2.7755575615628914e-17,"{""V0"": 0.3421732617051309, ""V1"": 0.3306771328458023, ""V2"": 0.23660512869623682, ""V3"": 0.09054447675283014}"
musique,arr_seed_1,0.2267163472262767,0.2267163472262767,0.0,"{""V0"": 0.3031231242615361, ""V1"": 0.2976847029457472, ""V2"": 0.249310726440349, ""V3"": 0.1498814463523677}"
musique,arr_seed_2,0.33365245205879324,0.33365245205879324,0.0,"{""V0"": 0.24610140889284088, ""V1"": 0.24640315562936962, ""V2"": 0.24937846819134737, ""V3"": 0.2581169672864422}"
musique,arr_seed_3,0.25166083136292816,0.2516608313629281,-5.551115123125783e-17,"{""V0"": 0.28893069086506346, ""V1"": 0.2852142648149385, ""V2"": 0.25124542836635483, ""V3"": 0.17460961595364313}"
musique,arr_seed_4,0.41703468191188525,0.4170346819118852,-5.551115123125783e-17,"{""V0"": 0.206691147636356, ""V1"": 0.20943903109758846, ""V2"": 0.23836396123549164, ""V3"": 0.3455058600305639}"
musique,arr_seed_5,0.24701240152847326,0.24701240152847326,0.0,"{""V0"": 0.2915252800636365, ""V1"": 0.28751036406950836, ""V2"": 0.25099181529096865, ""V3"": 0.1699725405758865}"
